{"cameraMode":{"drawMode":0,"name":"Shaded","section":"Shading Mode"},"sceneLighting":false,"audioPlay":false,"sceneViewState":{"showFog":true,"showMaterialUpdate":false,"showSkybox":true,"showFlares":true,"showImageEffects":true,"showParticleSystems":true},"in2DMode":false,"pivot":{"x":-0.1625981330871582,"y":-1.2462342977523804,"z":2.667065143585205},"rotation":{"x":0.320818156003952,"y":-0.33069390058517458,"z":0.1206110268831253,"w":0.8793992400169373},"size":1.4793684482574463,"orthographic":false}