{"cameraMode":{"drawMode":0,"name":"Shaded","section":"Shading Mode"},"sceneLighting":false,"audioPlay":false,"sceneViewState":{"showFog":true,"showMaterialUpdate":false,"showSkybox":true,"showFlares":true,"showImageEffects":true,"showParticleSystems":true},"in2DMode":false,"pivot":{"x":245.309326171875,"y":220.62564086914063,"z":-0.6769452691078186},"rotation":{"x":0.08410245180130005,"y":0.049627259373664859,"z":-0.00422810111194849,"w":0.9952987432479858},"size":489.0716857910156,"orthographic":false}