{"cameraMode":{"drawMode":0,"name":"Shaded","section":"Shading Mode"},"sceneLighting":false,"audioPlay":false,"sceneViewState":{"showFog":true,"showMaterialUpdate":false,"showSkybox":false,"showFlares":true,"showImageEffects":true,"showParticleSystems":true},"in2DMode":false,"pivot":{"x":1.1920928955078126e-7,"y":0.18785539269447328,"z":-0.011274565011262894},"rotation":{"x":-0.23128169775009156,"y":0.08509495109319687,"z":-0.020311782136559488,"w":-0.9689475893974304},"size":1.1796878576278687,"orthographic":false}