{"cameraMode":{"drawMode":0,"name":"Shaded","section":"Shading Mode"},"sceneLighting":false,"audioPlay":false,"sceneViewState":{"showFog":true,"showMaterialUpdate":false,"showSkybox":true,"showFlares":true,"showImageEffects":true,"showParticleSystems":true},"in2DMode":false,"pivot":{"x":186.58702087402345,"y":112.04743957519531,"z":-32.545989990234378},"rotation":{"x":0.19988632202148438,"y":0.026763567700982095,"z":-0.005497411359101534,"w":0.979527473449707},"size":308.6072998046875,"orthographic":false}