{"cameraMode":{"drawMode":0,"name":"Shaded","section":"Shading Mode"},"sceneLighting":false,"audioPlay":false,"sceneViewState":{"showFog":true,"showMaterialUpdate":false,"showSkybox":false,"showFlares":true,"showImageEffects":true,"showParticleSystems":true},"in2DMode":false,"pivot":{"x":3.2049999237060549,"y":1.374500036239624,"z":-0.2460000067949295},"rotation":{"x":-0.0462520532310009,"y":-0.8140310645103455,"z":0.0653008371591568,"w":-0.575464129447937},"size":11.53674030303955,"orthographic":false}