{"cameraMode":{"drawMode":0,"name":"Shaded","section":"Shading Mode"},"sceneLighting":true,"audioPlay":false,"sceneViewState":{"showFog":true,"showMaterialUpdate":false,"showSkybox":true,"showFlares":true,"showImageEffects":true,"showParticleSystems":true},"in2DMode":false,"pivot":{"x":-26.0798397064209,"y":-26.84698486328125,"z":-71.70133972167969},"rotation":{"x":-0.06028852239251137,"y":0.9398972392082214,"z":-0.24107128381729127,"w":-0.23466068506240846},"size":156.96957397460938,"orthographic":false}