{"cameraMode":{"drawMode":0,"name":"Shaded","section":"Shading Mode"},"sceneLighting":false,"audioPlay":false,"sceneViewState":{"showFog":true,"showMaterialUpdate":false,"showSkybox":false,"showFlares":true,"showImageEffects":true,"showParticleSystems":true},"in2DMode":false,"pivot":{"x":676.7884521484375,"y":654.045166015625,"z":16.234132766723634},"rotation":{"x":-0.05187879875302315,"y":0.005965540185570717,"z":0.00039645013748668134,"w":0.998680830001831},"size":1416.2586669921875,"orthographic":false}