{"cameraMode":{"drawMode":0,"name":"Shaded","section":"Shading Mode"},"sceneLighting":false,"audioPlay":false,"sceneViewState":{"showFog":true,"showMaterialUpdate":false,"showSkybox":false,"showFlares":true,"showImageEffects":true,"showParticleSystems":true},"in2DMode":false,"pivot":{"x":-3.444453716278076,"y":3.177138090133667,"z":70.61418151855469},"rotation":{"x":-0.0010155002819374204,"y":0.9945957660675049,"z":-0.011053762398660183,"w":-0.10387127101421356},"size":48.214210510253909,"orthographic":false}