{"cameraMode":{"drawMode":0,"name":"Shaded","section":"Shading Mode"},"sceneLighting":false,"audioPlay":false,"sceneViewState":{"showFog":true,"showMaterialUpdate":false,"showSkybox":false,"showFlares":true,"showImageEffects":true,"showParticleSystems":true},"in2DMode":false,"pivot":{"x":7.202594757080078,"y":3.1716837882995607,"z":-53.811279296875},"rotation":{"x":-0.0017541811103001237,"y":0.9970953464508057,"z":-0.02603905461728573,"w":-0.07247699797153473},"size":19.686973571777345,"orthographic":false}