{"cameraMode":{"drawMode":0,"name":"Shaded","section":"Shading Mode"},"sceneLighting":false,"audioPlay":false,"sceneViewState":{"showFog":true,"showMaterialUpdate":false,"showSkybox":false,"showFlares":true,"showImageEffects":true,"showParticleSystems":true},"in2DMode":false,"pivot":{"x":11.61517333984375,"y":0.07800006866455078,"z":-1.9100807905197144},"rotation":{"x":-0.0017541811103001237,"y":0.9970953464508057,"z":-0.02603905461728573,"w":-0.07247699797153473},"size":25.70009994506836,"orthographic":false}