{"cameraMode":{"drawMode":0,"name":"Shaded","section":"Shading Mode"},"sceneLighting":false,"audioPlay":false,"sceneViewState":{"showFog":true,"showMaterialUpdate":false,"showSkybox":false,"showFlares":true,"showImageEffects":true,"showParticleSystems":true},"in2DMode":false,"pivot":{"x":-12.184109687805176,"y":-0.2682027816772461,"z":3.5703582763671877},"rotation":{"x":-0.013974359259009362,"y":0.958362877368927,"z":-0.04809236153960228,"w":-0.281363844871521},"size":22.446914672851564,"orthographic":false}