{"cameraMode":{"drawMode":0,"name":"Shaded","section":"Shading Mode"},"sceneLighting":true,"audioPlay":false,"sceneViewState":{"showFog":true,"showMaterialUpdate":false,"showSkybox":true,"showFlares":true,"showImageEffects":true,"showParticleSystems":true},"in2DMode":false,"pivot":{"x":288.64215087890627,"y":-0.5795605182647705,"z":178.79151916503907},"rotation":{"x":-0.16334594786167146,"y":0.3556739091873169,"z":-0.06334086507558823,"w":-0.918085515499115},"size":16.431074142456056,"orthographic":false}