{"cameraMode":{"drawMode":0,"name":"Shaded","section":"Shading Mode"},"sceneLighting":false,"audioPlay":false,"sceneViewState":{"showFog":true,"showMaterialUpdate":false,"showSkybox":true,"showFlares":true,"showImageEffects":true,"showParticleSystems":true},"in2DMode":false,"pivot":{"x":-0.048443350940942767,"y":-7.053074836730957,"z":21.558862686157228},"rotation":{"x":0.4776541292667389,"y":-0.0076407031156122688,"z":0.004158416762948036,"w":0.878511905670166},"size":0.5076960325241089,"orthographic":false}