{"cameraMode":{"drawMode":0,"name":"Shaded","section":"Shading Mode"},"sceneLighting":false,"audioPlay":false,"sceneViewState":{"showFog":true,"showMaterialUpdate":false,"showSkybox":false,"showFlares":true,"showImageEffects":true,"showParticleSystems":true},"in2DMode":false,"pivot":{"x":0.6766005754470825,"y":-0.2327679842710495,"z":-0.03608989715576172},"rotation":{"x":0.00024596217554062605,"y":0.999091386795044,"z":-0.04408711567521095,"w":0.002434777095913887},"size":4.532273292541504,"orthographic":false}