{"cameraMode":{"drawMode":0,"name":"Shaded","section":"Shading Mode"},"sceneLighting":false,"audioPlay":false,"sceneViewState":{"showFog":true,"showMaterialUpdate":false,"showSkybox":true,"showFlares":true,"showImageEffects":true,"showParticleSystems":true},"in2DMode":false,"pivot":{"x":54.60447692871094,"y":-5.708795547485352,"z":44.82195281982422},"rotation":{"x":0.19011029601097108,"y":0.41467878222465517,"z":-0.08903620392084122,"w":0.8854233026504517},"size":75.95606994628906,"orthographic":false}