{"cameraMode":{"drawMode":0,"name":"Shaded","section":"Shading Mode"},"sceneLighting":true,"audioPlay":false,"sceneViewState":{"showFog":true,"showMaterialUpdate":false,"showSkybox":true,"showFlares":true,"showImageEffects":true,"showParticleSystems":true},"in2DMode":false,"pivot":{"x":447.1682434082031,"y":-7.735917568206787,"z":212.65460205078126},"rotation":{"x":-0.031294625252485278,"y":-0.9643682837486267,"z":0.2268303781747818,"w":-0.13347657024860383},"size":138.80413818359376,"orthographic":false}