{"cameraMode":{"drawMode":0,"name":"Shaded","section":"Shading Mode"},"sceneLighting":false,"audioPlay":false,"sceneViewState":{"showFog":true,"showMaterialUpdate":false,"showSkybox":true,"showFlares":true,"showImageEffects":true,"showParticleSystems":true},"in2DMode":false,"pivot":{"x":0.5842708349227905,"y":-7.853292465209961,"z":22.232763290405275},"rotation":{"x":0.05320517346262932,"y":-0.702155351638794,"z":0.0527607798576355,"w":0.7080767750740051},"size":-0.392304003238678,"orthographic":false}