{"cameraMode":{"drawMode":0,"name":"Shaded","section":"Shading Mode"},"sceneLighting":false,"audioPlay":false,"sceneViewState":{"showFog":true,"showMaterialUpdate":false,"showSkybox":false,"showFlares":true,"showImageEffects":true,"showParticleSystems":true},"in2DMode":false,"pivot":{"x":-0.5726127624511719,"y":0.8512961864471436,"z":62.86328887939453},"rotation":{"x":0.00024596217554062605,"y":0.999091386795044,"z":-0.04408711567521095,"w":0.002434777095913887},"size":40.3088264465332,"orthographic":false}