{"cameraMode":{"drawMode":0,"name":"Shaded","section":"Shading Mode"},"sceneLighting":true,"audioPlay":false,"sceneViewState":{"showFog":true,"showMaterialUpdate":false,"showSkybox":true,"showFlares":true,"showImageEffects":true,"showParticleSystems":true},"in2DMode":false,"pivot":{"x":-1.0005598068237305,"y":0.5322719812393189,"z":5.144255638122559},"rotation":{"x":4.030486167039271e-8,"y":0.0006017627893015742,"z":2.383897701463411e-8,"w":0.9999985098838806},"size":16.297821044921876,"orthographic":true}