{"cameraMode":{"drawMode":0,"name":"Shaded","section":"Shading Mode"},"sceneLighting":true,"audioPlay":false,"sceneViewState":{"showFog":true,"showMaterialUpdate":false,"showSkybox":true,"showFlares":true,"showImageEffects":true,"showParticleSystems":true},"in2DMode":false,"pivot":{"x":16.01344108581543,"y":29.631488800048829,"z":-21.764423370361329},"rotation":{"x":0.03772885352373123,"y":0.9328915476799011,"z":-0.3431774973869324,"w":0.10256189107894898},"size":99.2376937866211,"orthographic":true}