{"cameraMode":{"drawMode":0,"name":"Shaded","section":"Shading Mode"},"sceneLighting":true,"audioPlay":false,"sceneViewState":{"showFog":true,"showMaterialUpdate":false,"showSkybox":true,"showFlares":true,"showImageEffects":true,"showParticleSystems":true},"in2DMode":false,"pivot":{"x":428.9712829589844,"y":33.547462463378909,"z":283.02056884765627},"rotation":{"x":0.21627850830554963,"y":0.42998895049095156,"z":-0.10679291933774948,"w":0.8700681328773499},"size":645.7049560546875,"orthographic":false}