{"cameraMode":{"drawMode":0,"name":"Shaded","section":"Shading Mode"},"sceneLighting":false,"audioPlay":false,"sceneViewState":{"showFog":true,"showMaterialUpdate":false,"showSkybox":false,"showFlares":true,"showImageEffects":true,"showParticleSystems":true},"in2DMode":false,"pivot":{"x":0.22865527868270875,"y":0.21367494761943818,"z":0.40279334783554079},"rotation":{"x":-0.003243790240958333,"y":-0.9750146269798279,"z":-0.01403094083070755,"w":0.2219003438949585},"size":0.7155336737632752,"orthographic":false}