{"cameraMode":{"drawMode":0,"name":"Shaded","section":"Shading Mode"},"sceneLighting":false,"audioPlay":false,"sceneViewState":{"showFog":true,"showMaterialUpdate":false,"showSkybox":false,"showFlares":true,"showImageEffects":true,"showParticleSystems":true},"in2DMode":false,"pivot":{"x":-27.7756404876709,"y":27.201391220092775,"z":-11.732317924499512},"rotation":{"x":-0.07439348846673966,"y":-0.8383257389068604,"z":0.11819181591272354,"w":-0.5271773934364319},"size":2.272291898727417,"orthographic":false}