{"cameraMode":{"drawMode":0,"name":"Shaded","section":"Shading Mode"},"sceneLighting":false,"audioPlay":false,"sceneViewState":{"showFog":true,"showMaterialUpdate":false,"showSkybox":false,"showFlares":true,"showImageEffects":true,"showParticleSystems":true},"in2DMode":false,"pivot":{"x":-123.01280212402344,"y":11.84304428100586,"z":148.91444396972657},"rotation":{"x":0.08977469801902771,"y":-0.7630804777145386,"z":0.10891035199165344,"w":0.6308805346488953},"size":1.3548963069915772,"orthographic":false}