{"cameraMode":{"drawMode":0,"name":"Shaded","section":"Shading Mode"},"sceneLighting":false,"audioPlay":false,"sceneViewState":{"showFog":true,"showMaterialUpdate":false,"showSkybox":false,"showFlares":true,"showImageEffects":true,"showParticleSystems":true},"in2DMode":false,"pivot":{"x":17.14389419555664,"y":2.197126865386963,"z":-6.292266845703125},"rotation":{"x":-0.0462520532310009,"y":-0.8140310645103455,"z":0.0653008371591568,"w":-0.575464129447937},"size":31.588817596435548,"orthographic":false}