{"cameraMode":{"drawMode":0,"name":"Shaded","section":"Shading Mode"},"sceneLighting":false,"audioPlay":false,"sceneViewState":{"showFog":true,"showMaterialUpdate":false,"showSkybox":false,"showFlares":true,"showImageEffects":true,"showParticleSystems":true},"in2DMode":false,"pivot":{"x":39.20560836791992,"y":0.6928526163101196,"z":63.41670608520508},"rotation":{"x":-0.006642840802669525,"y":0.9766459465026856,"z":-0.21276409924030305,"w":-0.030463609844446183},"size":4.966525077819824,"orthographic":false}