{"cameraMode":{"drawMode":0,"name":"Shaded","section":"Shading Mode"},"sceneLighting":false,"audioPlay":false,"sceneViewState":{"showFog":true,"showMaterialUpdate":false,"showSkybox":false,"showFlares":true,"showImageEffects":true,"showParticleSystems":true},"in2DMode":false,"pivot":{"x":610.1217041015625,"y":120.7514419555664,"z":388.2240295410156},"rotation":{"x":-0.05278373509645462,"y":0.5607661604881287,"z":0.03594546765089035,"w":0.8255733847618103},"size":1668.826171875,"orthographic":false}