{"cameraMode":{"drawMode":0,"name":"Shaded","section":"Shading Mode"},"sceneLighting":false,"audioPlay":false,"sceneViewState":{"showFog":true,"showMaterialUpdate":false,"showSkybox":true,"showFlares":true,"showImageEffects":true,"showParticleSystems":true},"in2DMode":false,"pivot":{"x":1.8602666854858399,"y":1.4176952838897706,"z":-2.0805790424346926},"rotation":{"x":-0.0362548902630806,"y":0.9600157141685486,"z":-0.14834380149841309,"w":-0.23462578654289246},"size":10.0,"orthographic":false}