{"cameraMode":{"drawMode":0,"name":"Shaded","section":"Shading Mode"},"sceneLighting":false,"audioPlay":false,"sceneViewState":{"showFog":true,"showMaterialUpdate":false,"showSkybox":false,"showFlares":true,"showImageEffects":true,"showParticleSystems":true},"in2DMode":false,"pivot":{"x":7.561237812042236,"y":1.6666995286941529,"z":1.9211647510528565},"rotation":{"x":0.07404746115207672,"y":0.6232523322105408,"z":0.05944855883717537,"w":-0.7762539386749268},"size":3.027407646179199,"orthographic":false}